Wines,Fruits,Meat,Fish,Sweet,Gold,ID
635,88,546,172,88,88,5524
11,1,6,2,1,6,2174
426,49,127,111,21,42,4141
11,4,20,10,3,5,6182
173,43,118,46,27,15,5324
520,42,98,0,42,14,7446
235,65,164,50,49,27,965
76,10,56,3,1,23,6177
14,0,24,3,3,2,4855
28,0,6,1,1,13,5899
5,5,6,0,2,1,1994
6,16,11,11,1,16,387
194,61,480,225,112,30,2125
233,2,53,3,5,14,8180
3,14,17,6,1,5,2569
1006,22,115,59,68,45,2114
53,5,19,2,13,4,9736
84,5,38,150,12,28,4939
1012,80,498,0,16,176,6565
4,17,19,30,24,39,2278
86,2,73,69,38,48,9360
1,1,1725,1,1,1,5376
867,0,86,0,0,19,1993
384,0,102,21,32,5,4047
270,3,27,39,6,99,1409
6,4,25,15,12,13,7892
173,4,30,3,6,41,2404
5,1,3,3,263,362,5255
36,2,42,20,21,10,9422
684,100,801,21,66,0,1966
8,4,10,2,2,4,6864
112,17,44,34,22,89,3033
110,0,5,2,0,3,5710
96,12,96,33,22,43,7373
482,34,471,119,68,22,8755
40,0,19,2,1,3,10738
702,17,151,0,8,35,4339
6,3,14,15,7,36,10755
55,0,6,2,0,4,8595
437,8,206,160,49,42,2968
421,76,536,82,178,102,8601
13,1,29,3,0,7,503
9,0,6,3,1,3,8430
81,11,50,3,2,39,7281
3,1,10,3,2,12,2139
123,164,266,227,30,174,1371
3,18,14,15,22,50,9909
13,6,15,3,5,13,7286
48,5,48,6,10,7,7244
826,50,317,50,38,38,6566
245,19,125,37,67,14,8614
650,37,780,27,167,32,4114
12,6,20,30,1,3,1331
510,120,550,156,40,241,2225
328,9,124,12,24,109,9381
984,51,432,180,120,190,6260
295,35,482,121,120,40,10383
13,0,8,2,1,5,7437
11,3,22,2,2,6,8557
447,0,28,0,0,43,8375
712,26,538,69,13,80,6853
452,18,102,16,18,6,3076
523,7,134,37,14,169,1012
546,0,48,0,6,6,6518
398,40,367,119,122,30,4137
1,3,6,3,6,15,8082
10,0,1,0,0,0,1386
688,14,309,201,24,38,9369
247,49,159,7,82,109,4477
856,59,487,58,29,73,1357
496,36,460,189,60,12,1402
25,3,43,17,4,17,10629
258,107,291,84,37,86,6312
565,6,65,0,6,19,8132
14,10,13,4,15,9,1050
2,1,6,2,1,1,5846
721,111,925,97,18,18,1859
1032,105,779,137,105,51,7503
1,0,5,0,3,9,10401
577,0,64,0,0,51,1618
64,4,68,7,5,17,3332
4,1,5,2,0,4,2261
25,5,19,7,0,23,5346
112,17,44,34,22,89,4119
163,23,424,27,65,76,535
17,8,14,10,4,3,5268
130,0,16,0,0,5,273
292,6,37,0,3,34,4452
350,60,568,110,133,145,8504
135,9,39,4,0,7,771
230,42,192,49,37,53,8996
7,0,8,2,0,1,9235
445,37,359,98,28,18,5798
15,2,10,0,1,4,11178
27,2,14,0,0,0,2230
5,3,11,12,5,9,7516
505,0,26,0,0,75,7247
51,2,7,0,1,2,11100
207,26,447,75,0,223,4646
135,46,92,65,61,11,3037
53,1,5,2,1,10,1473
41,1,6,2,0,5,1016
386,172,183,185,132,111,4518
562,81,276,80,40,81,9370
217,76,690,50,26,38,8908
1,3,6,10,0,9,8373
144,1,32,2,1,7,7533
295,106,271,75,98,65,2683
76,3,31,4,4,27,3629
454,194,106,31,22,43,10991
425,115,292,23,35,79,5077
1332,17,311,23,51,86,7431
527,0,21,0,0,60,3267
490,44,125,29,20,22,999
378,0,101,0,0,72,9215
64,1,21,0,1,27,2286
547,99,812,151,82,33,1592
47,90,94,123,103,120,367
12,5,25,0,9,30,5234
1,6,7,11,5,3,9862
320,48,133,39,72,48,9805
34,3,29,0,4,10,6205
9,0,7,3,4,7,8442
17,0,14,7,3,2,7386
722,27,102,44,72,168,7215
162,33,124,40,28,172,1491
450,133,951,173,0,216,11071
70,0,16,0,0,4,3381
352,0,27,10,0,15,8268
492,19,110,16,12,12,11051
120,58,73,65,89,58,8026
534,5,47,0,5,41,433
236,106,189,23,41,130,9597
231,65,196,38,71,124,1295
220,0,33,3,0,23,5290
796,14,590,38,44,0,1685
0,1,3,10,6,9,5342
53,1,34,2,0,16,9579
15,0,8,4,2,20,7660
17,1,12,3,1,4,1461
962,61,921,52,61,20,821
738,0,232,13,20,50,11084
399,28,756,36,40,126,8690
614,16,132,43,33,33,2937
32,34,41,73,16,116,9701
598,16,141,32,41,49,9949
2,1,18,20,11,16,10837
6,1,10,0,1,4,3120
73,3,90,12,1,32,5885
42,16,29,12,20,8,4050
295,21,78,39,13,13,3830
346,17,48,23,13,13,7987
233,20,57,8,20,91,7798
5,7,24,19,14,20,92
888,0,57,0,0,76,7055
997,26,269,34,13,42,10240
212,6,69,4,12,3,3025
8,1,7,2,0,0,9283
42,11,57,10,28,14,9970
536,11,387,149,91,57,2730
5,0,3,0,0,5,2795
1349,16,249,43,16,33,9260
53,3,49,7,4,5,8182
1001,12,240,16,12,12,10095
20,2,1582,1,2,1,8475
18,1,32,6,3,28,4370
125,16,98,134,21,27,10573
212,5,33,7,0,2,3712
277,162,305,173,76,124,6637
15,10,19,8,17,20,3152
7,3,10,8,1,7,5610
12,4,6,11,8,16,6460
85,7,24,2,3,27,1349
81,0,6,0,0,6,1880
59,0,12,0,0,48,641
1149,71,449,69,71,26,8717
847,66,119,86,89,111,10314
29,0,14,0,0,2,10854
2,0,5,2,0,1,10492
207,26,447,75,0,223,6935
152,3,22,2,5,7,7698
12,11,10,3,12,9,3559
620,26,195,34,17,141,10562
47,1,6,0,0,12,10796
1,9,7,2,14,10,2563
10,1,18,10,4,7,3518
35,0,2,0,0,2,5823
356,0,107,19,9,117,3934
783,30,537,140,76,15,6982
42,1,18,3,0,4,6431
1,4,10,29,0,36,9733
466,22,432,147,113,102,5602
15,6,8,7,4,25,7829
23,3,21,3,19,22,1324
235,6,45,8,9,12,326
10,0,10,3,1,7,7224
656,16,106,32,16,8,6999
519,17,813,27,173,51,9938
344,189,482,50,33,172,6422
96,1,79,7,1,79,3182
448,4,34,6,4,39,7300
265,138,553,224,23,92,10424
587,43,337,42,87,54,8727
763,29,138,76,176,58,2798
22,0,13,0,0,3,1030
6,4,1,7,2,15,624
7,6,13,7,6,14,5176
81,18,113,47,13,21,5552
54,0,7,0,0,4,868
1170,48,320,42,32,192,380
72,24,68,65,4,8,2677
613,22,319,33,102,12,6521
224,0,30,0,0,10,6927
410,0,59,19,9,44,2877
239,10,554,254,87,54,0
171,7,171,25,19,89,1584
12,0,4,0,0,1,7264
1076,16,417,42,48,16,6274
182,4,33,0,0,66,1377
824,32,162,42,32,43,454
30,11,25,29,1,18,1755
377,10,540,80,30,10,2075
520,7,154,19,0,14,4785
155,1,25,0,1,3,9076
897,23,207,15,11,92,7079
131,0,16,2,1,39,4653
297,7,79,0,11,182,7375
787,20,204,0,0,92,709
792,86,740,67,51,17,460
4,1,9,3,0,0,3726
231,7,137,4,15,39,6798
983,76,184,180,138,27,5341
3,1,8,4,3,3,1606
0,4,5,6,0,4,9617
562,21,464,28,10,32,3233
5,9,20,6,8,21,89
18,0,4,0,0,1,2936
415,5,124,15,35,11,9449
5,3,10,12,7,20,7297
8,0,5,7,0,2,11004
901,61,757,186,163,20,313
382,114,276,75,124,38,9940
14,1,7,2,1,1,10735
559,153,503,218,13,181,9529
789,0,133,0,28,152,6439
11,0,5,0,0,1,7411
1218,16,272,104,0,80,2176
925,64,179,133,12,77,9265
864,134,768,150,38,172,8867
960,28,183,220,70,70,8932
16,3,25,6,1,13,10236
3,3,7,0,2,11,6340
168,148,444,32,172,148,10089
45,47,52,21,20,25,2227
650,28,353,45,42,30,10992
24,0,8,0,0,1,5304
918,21,118,13,10,21,309
138,33,87,28,24,12,3406
12,4,2,10,6,10,2661
11,0,4,0,0,2,3153
1,2,8,4,3,13,10264
554,41,215,11,0,24,1184
167,2,62,24,13,7,4200
9,0,6,4,1,5,9396
177,2,71,3,2,20,2387
38,4,22,4,2,20,6690
483,84,398,205,84,241,1225
77,2,35,0,1,69,9703
182,74,298,162,149,116,291
10,7,19,8,2,21,4557
778,44,499,95,73,146,2379
16,7,23,0,8,6,5726
167,0,43,6,2,13,3066
13,2,14,8,7,4,6336
33,6,40,3,7,10,10967
625,7,99,10,22,7,2304
216,162,224,101,92,162,3445
68,129,396,188,22,15,7828
196,0,512,33,130,54,3762
635,15,100,20,7,131,4391
4,19,9,28,25,17,4669
297,7,79,0,11,182,10144
84,5,38,150,12,28,8652
204,7,149,20,15,66,1672
26,0,8,0,0,3,8962
15,6,20,4,5,20,9974
304,98,230,150,74,74,10983
285,28,242,55,114,135,8148
395,183,565,166,141,28,10102
248,3,81,4,3,51,4697
20,6,5,0,9,12,9262
39,0,56,20,8,14,7254
777,129,573,216,21,203,4543
8,3,22,21,1,13,4927
9,1,3,0,4,8,10451
1241,0,80,0,13,40,2926
6,4,7,4,3,8,2874
65,4,16,0,4,11,9738
395,15,263,60,54,38,7119
801,0,80,0,0,35,3924
36,0,12,2,2,10,5827
513,14,154,19,0,28,5596
37,0,46,4,3,0,10812
80,15,93,20,13,52,1717
14,1,21,2,3,25,9491
525,147,112,219,147,63,9274
1,26,25,17,23,15,6609
675,11,400,15,45,11,6963
509,0,27,0,0,10,4440
154,2,46,20,4,15,1379
3,5,14,2,12,17,10032
25,0,8,2,0,2,2826
861,138,461,60,30,61,2437
768,44,561,77,44,14,6320
185,0,28,3,2,17,3050
24,0,7,0,0,1,231
44,4,21,6,0,27,2392
91,64,128,65,3,50,9478
11,0,7,3,1,6,113
738,20,172,52,50,20,2863
412,5,119,38,29,77,1802
3,3,7,6,2,9,520
16,0,3,0,0,1,8275
731,60,353,78,12,73,9750
424,17,118,7,23,41,2607
792,0,275,45,45,126,7214
21,2,28,3,2,9,5835
22,1,11,0,1,2,3896
33,0,5,0,0,0,10350
68,7,59,10,5,11,7786
9,1,6,3,0,4,2861
40,2,15,8,0,6,663
909,11,218,0,0,23,10675
23,1,13,2,2,18,2521
11,2,9,3,0,8,9592
317,46,247,151,46,139,10151
797,153,293,72,97,30,7381
10,2,16,11,2,21,4099
856,61,570,40,25,122,9560
755,144,562,104,64,224,1150
456,19,832,75,118,38,10172
37,32,38,11,3,18,11191
1103,0,45,0,0,34,9707
378,14,68,19,14,14,6245
1,6,7,0,1,3,8234
204,34,204,172,153,173,1411
30,0,9,0,0,3,8553
189,104,379,111,189,218,1826
15,0,12,7,3,7,8842
9,0,3,0,0,4,11030
495,33,255,11,33,8,2579
656,80,455,52,107,93,175
452,20,514,13,30,0,9185
546,91,410,119,0,22,11056
1048,0,217,0,0,12,9365
22,2,14,0,1,10,6201
78,0,11,0,0,10,2061
561,64,785,84,128,48,6184
629,17,177,69,0,8,6142
269,15,69,15,19,38,4107
736,163,818,212,163,61,7274
512,0,83,0,0,41,9336
19,3,10,11,8,6,2958
9,0,6,4,1,5,933
247,8,160,6,8,65,5837
404,0,92,28,27,142,10704
333,0,815,129,42,29,5125
2,3,20,6,11,9,4432
833,33,549,151,133,233,5955
789,0,142,12,9,38,2928
10,4,7,0,6,3,5680
159,4,45,6,2,38,10313
7,1,6,3,1,11,2557
977,12,253,16,12,101,1245
38,4,22,3,3,3,1519
57,0,27,0,0,36,10703
3,9,15,13,2,39,1726
10,4,14,4,4,1,4459
1043,24,97,32,24,157,1729
3,9,13,2,12,12,1517
11,0,5,0,0,1,2098
3,6,5,0,2,6,9543
43,12,96,78,40,55,6878
73,3,90,12,1,32,3310
12,0,1,0,0,6,2724
4,7,7,6,4,13,948
314,11,53,4,3,107,6720
571,50,142,33,50,159,6202
70,0,11,2,8,23,2066
866,21,151,28,21,86,9799
594,134,786,33,134,57,8318
140,4,61,0,13,4,5642
375,152,335,93,91,81,2669
102,9,63,2,9,24,455
554,35,113,0,7,78,7683
919,0,505,99,30,45,3428
96,1,42,12,3,32,7414
5,2,16,3,2,19,6354
2,0,6,8,6,5,798
6,4,9,6,36,35,8213
23,1,25,0,8,7,2488
610,105,125,137,42,21,9999
67,5,61,3,8,19,7617
65,36,74,38,20,110,615
416,0,26,0,0,4,2552
23,0,11,3,2,2,194
19,3,26,10,9,3,3645
155,7,80,13,7,10,8890
14,0,24,3,3,2,5049
370,9,92,6,9,4,9973
4,22,11,3,7,32,7301
407,53,221,58,150,26,10882
1200,0,204,38,29,14,7030
85,44,54,102,78,6,7422
583,34,309,0,22,125,3523
483,0,591,156,0,12,7106
2,5,9,28,6,28,6504
966,26,282,52,26,26,5067
822,114,108,179,137,114,4216
604,0,100,19,0,28,8581
19,3,19,3,1,3,5929
5,3,11,12,5,9,3129
2,2,2,2,1,1,6528
1076,68,103,29,91,68,1361
1285,42,716,55,0,21,6932
10,0,7,2,0,1,7284
551,137,792,179,103,33,1340
800,0,297,0,34,57,8746
2,2,11,10,6,12,5987
378,0,189,97,172,172,3767
1248,16,349,43,16,16,3725
235,0,235,19,4,191,4324
515,47,181,149,95,95,238
438,66,400,12,38,114,6694
25,0,22,2,3,5,498
31,0,7,2,0,6,9347
357,35,271,28,28,14,9699
400,4,35,6,0,22,10664
99,0,15,2,1,5,5455
1,11,5,4,6,9,456
5,4,13,8,0,4,5012
77,28,31,16,0,4,7495
3,1,2,4,3,1,5029
10,4,14,4,4,1,10642
0,6,3,7,6,12,2106
0,0,1,2,12,5,10364
76,14,74,13,5,10,5954
398,190,537,61,156,37,1137
14,7,11,11,0,5,2541
208,7,82,30,66,35,1142
430,16,322,43,24,33,2276
656,38,161,62,47,37,2807
14,2,30,8,2,3,6471
141,70,106,72,19,23,6131
507,19,364,25,47,9,6233
164,24,103,12,3,42,4148
606,24,974,197,194,64,4947
116,11,72,3,17,46,3225
143,15,60,24,23,5,7540
398,96,447,220,96,32,10648
522,0,257,32,16,66,1992
161,0,253,199,191,122,7851
112,0,6,2,1,14,8594
483,84,398,205,84,241,7059
7,5,39,17,15,37,2815
789,25,420,16,38,0,2416
1239,17,413,23,34,17,7999
4,1,5,2,0,3,9213
335,42,127,28,5,5,9697
639,8,166,11,8,58,3916
563,76,384,84,192,89,2021
2,0,8,2,2,3,1581
746,8,125,11,8,8,564
22,1,13,4,0,4,6619
4,1,6,4,1,9,9081
478,0,193,110,75,117,178
20,3,4,2,0,2,916
451,0,39,0,4,24,5512
371,22,39,6,0,92,8970
281,7,84,15,0,119,10581
19,7,19,0,1,24,5300
26,3,13,2,10,0,5154
138,15,35,25,11,72,8346
213,2,44,0,2,5,1676
407,28,100,120,74,18,9286
483,74,114,169,37,18,2426
738,0,232,13,20,50,5172
502,12,109,16,6,90,5562
11,0,5,2,1,1,3436
24,1,108,29,29,14,3921
1170,19,594,99,76,134,3403
185,2,88,15,5,14,22
983,20,389,240,50,40,10965
691,0,69,10,0,130,9426
504,13,131,8,0,26,6605
317,25,265,25,19,12,3136
29,1,9,2,0,2,8737
1396,0,322,46,35,17,11088
529,0,356,63,28,0,716
388,14,218,91,14,21,466
13,2,21,4,0,24,9135
28,0,4,0,0,0,10623
16,36,21,20,62,108,8151
1047,0,140,67,38,153,5140
31,0,7,2,0,6,10160
815,10,239,28,10,108,4945
225,162,387,106,36,29,10584
493,70,324,146,40,84,6071
34,4,66,3,10,20,3386
382,138,65,60,26,59,8939
127,1,56,0,1,31,9925
325,83,300,86,58,91,4320
238,17,68,8,10,6,5389
1168,92,408,72,129,55,6036
284,0,55,0,6,52,182
1288,20,613,80,61,27,203
65,0,46,4,3,20,11025
11,7,9,3,1,11,10203
227,23,389,42,21,75,4607
1035,134,670,25,38,0,3711
27,1,12,2,0,10,3696
982,73,351,56,14,175,2532
179,2,64,38,17,58,9214
1379,33,216,0,33,66,4943
32,1,64,16,12,85,35
8,4,15,7,6,2,2258
881,38,319,16,25,12,4322
141,15,153,67,31,35,713
1000,155,379,224,17,120,4702
206,10,67,30,27,71,3281
162,61,83,97,57,61,702
619,54,260,127,54,54,2004
456,4,24,0,0,9,4769
112,6,92,3,9,38,4437
11,3,22,2,2,6,8724
172,12,112,8,0,15,10741
78,0,11,0,0,7,1991
464,151,292,65,60,30,6931
99,4,32,37,54,6,11096
19,3,19,4,5,26,304
1,9,8,11,3,22,3665
63,10,83,7,19,19,10591
252,3,42,4,3,102,5036
1478,19,403,0,19,0,5547
198,18,252,32,108,54,7822
8,4,10,6,7,6,8541
416,46,925,60,107,46,10955
42,7,43,20,12,10,4368
14,3,21,2,1,28,9671
17,0,3,0,0,1,2256
15,4,10,3,4,18,4279
6,16,24,11,0,34,5371
458,0,24,6,4,34,9240
30,3,47,19,21,42,9460
179,28,520,111,123,47,9504
90,17,97,15,6,15,8692
308,85,137,102,45,118,448
557,129,761,29,185,111,8314
7,4,13,15,8,17,8420
1492,38,287,50,57,33,3174
30,8,12,8,8,12,7685
249,153,940,58,134,38,3179
465,25,132,136,0,37,9780
129,129,259,168,121,83,10681
174,18,81,28,6,24,10232
189,2,29,3,2,40,4184
747,10,161,65,40,42,9120
6,0,2,2,0,1,891
14,0,3,0,0,4,10381
12,0,4,0,0,1,3525
98,0,106,49,10,106,6818
32,0,5,0,0,1,3526
51,12,49,17,24,24,8181
200,5,44,0,10,20,1029
25,6,25,6,0,0,7369
1050,12,144,0,0,24,2574
117,0,22,13,0,30,8159
9,4,17,10,2,7,1160
56,0,11,0,0,8,10242
145,13,46,17,2,4,5253
203,0,10,0,0,2,5966
270,3,27,39,6,99,5314
9,0,16,6,6,10,5081
37,12,23,8,11,52,5123
46,0,7,0,0,2,5756
31,1,13,7,2,9,8036
1060,21,530,32,0,224,9058
264,47,188,54,47,11,5057
399,4,30,6,4,30,254
8,9,9,2,5,22,4179
19,0,35,6,4,17,3710
817,183,797,106,163,20,7627
292,127,635,132,127,165,4501
12,6,2,11,2,16,6424
130,30,168,20,34,0,3075
6,4,16,3,10,30,4992
16,12,18,7,1,13,5252
19,0,9,0,0,2,7444
4,7,15,13,9,15,6919
31,3,31,2,8,4,3537
36,0,2,0,0,4,10277
526,28,135,10,21,99,2453
400,32,519,71,75,54,7972
410,16,114,0,5,49,895
80,3,26,4,2,14,1177
88,10,46,2,3,64,7141
55,0,6,2,0,4,7232
5,1,13,3,5,1,8477
8,4,5,15,2,11,2457
410,0,592,147,22,22,988
101,13,76,20,18,40,7930
162,25,53,16,0,10,4587
2,8,1,4,7,15,6682
25,0,8,2,0,2,6222
389,91,248,64,49,41,10299
215,13,87,17,17,24,3083
27,0,5,0,0,3,8953
85,1,16,2,1,2,1503
5,6,10,6,5,10,8650
179,8,83,19,11,26,10862
352,0,27,10,0,15,2782
17,8,12,11,15,32,6941
625,35,169,58,17,35,10972
10,6,11,0,4,2,10708
390,22,323,104,35,107,6583
10,2,15,2,1,6,3641
215,63,507,231,31,190,10156
1001,17,572,93,125,17,4299
19,18,33,24,1,8,3469
41,5,129,10,3,3,5063
1181,107,199,39,30,30,10727
603,45,207,36,18,54,9624
129,129,259,168,121,83,5156
10,24,15,13,1,30,4376
514,22,732,42,198,79,8923
14,0,1,0,0,1,8461
387,20,713,38,54,163,6945
121,103,69,8,44,48,944
965,69,279,54,41,69,1907
707,21,250,85,43,73,701
571,50,142,33,50,159,3856
586,66,653,17,0,26,4149
1063,89,102,16,12,25,2131
305,3,27,4,3,144,2942
1200,105,758,0,42,147,1173
163,2,40,8,11,11,4381
1009,181,104,202,21,207,4611
125,6,73,8,4,19,3376
721,0,152,119,50,50,4679
315,4,62,41,31,146,10928
1000,19,711,125,115,38,4248
16,0,17,6,3,6,6728
757,80,217,29,80,11,6661
30,2,25,0,1,9,4725
219,3,100,26,0,17,3277
1,1,1,1,1,1,5555
111,3,28,2,6,15,2564
45,47,52,21,20,25,946
410,112,420,0,82,71,3867
100,1,39,6,1,76,6940
509,0,65,7,11,5,55
3,6,5,0,2,6,7093
445,53,213,104,98,151,5084
2,2,11,41,7,11,1777
4,1,11,6,2,2,8162
6,1,7,23,4,19,10826
14,0,3,0,0,3,8754
1,10,11,19,3,15,1987
26,0,6,0,0,2,11007
111,16,37,7,9,18,7426
418,61,428,80,51,10,9153
327,9,122,19,14,83,10379
371,159,194,58,106,141,9204
275,59,107,69,101,59,3197
789,0,142,12,9,38,2920
1,1,5,0,3,1,6961
1004,12,145,32,12,36,4673
187,81,149,25,43,91,9937
56,4,76,17,1,18,8779
365,32,117,34,110,6,9596
595,23,123,10,23,154,2891
1132,134,384,175,134,115,4910
34,11,137,179,61,45,75
116,6,82,6,6,41,10120
565,32,435,28,32,54,6327
372,18,126,47,48,78,10142
899,102,838,133,102,40,9826
55,16,1622,17,3,4,1501
760,40,480,0,40,26,10767
260,86,559,63,9,67,7279
459,0,24,6,0,4,7230
466,0,224,119,49,99,143
67,15,80,17,11,80,450
2,0,7,3,7,10,9316
67,1,20,0,2,31,6379
92,4,18,3,3,6,9239
4,2,11,2,0,4,8315
20,1,28,3,3,2,2868
273,11,178,62,83,29,10888
434,22,388,104,22,34,1277
321,11,309,33,26,34,9977
212,123,177,15,64,23,10196
909,12,278,0,12,242,6384
1184,32,352,21,16,16,8029
112,19,21,16,14,5,968
656,80,455,52,107,93,6988
23,0,8,6,2,18,4472
537,6,42,16,6,30,6991
712,0,45,0,0,191,3336
23,1,13,2,2,18,4301
1,3,4,2,2,6,1940
664,58,83,32,0,66,1272
6,10,21,19,14,42,1388
299,5,201,21,21,49,1044
99,13,66,43,8,4,6969
749,40,294,121,160,147,10479
345,25,501,63,138,80,3619
9,4,18,7,5,5,1715
440,81,368,0,122,174,10159
8,2,5,3,0,3,1463
670,9,249,0,28,9,5114
524,0,134,28,28,155,4990
6,0,6,2,1,1,4329
597,166,597,172,166,249,10936
7,0,12,13,7,32,4692
54,0,7,0,0,4,7212
445,25,706,80,76,48,6086
294,142,218,164,58,151,437
292,3,77,10,3,26,11171
412,22,132,59,28,183,11101
8,0,3,0,0,0,5329
349,4,78,6,0,43,610
328,9,124,12,24,109,9384
144,2,99,7,2,30,5956
1126,28,211,37,28,42,10430
967,0,617,43,50,0,7875
432,79,341,177,136,170,7072
138,39,63,55,18,21,6255
0,0,1,7,4,6,6516
509,133,497,78,24,97,5564
948,10,86,13,21,21,5682
39,2,25,4,3,24,7458
28,1,21,3,0,10,5237
13,11,24,13,8,40,7761
307,26,360,138,31,40,5278
901,31,345,75,31,191,3560
2,5,12,4,8,7,7235
283,17,372,138,106,44,10548
4,3,7,0,3,11,2281
769,80,252,15,34,65,4073
518,42,742,55,56,84,6974
350,8,66,17,4,4,7938
445,53,213,104,98,151,7094
778,178,689,41,27,44,3667
709,93,374,104,80,80,7723
359,35,314,93,116,89,3870
799,12,375,16,12,12,4012
895,10,101,13,0,152,5909
40,2,23,0,4,23,10470
76,0,7,0,0,16,6488
11,5,22,12,5,11,10270
245,16,223,21,43,16,6887
647,107,391,175,67,40,6406
39,1,9,2,1,34,7573
203,35,305,46,17,227,4508
138,3,38,4,0,59,221
587,51,898,247,0,86,5331
595,97,291,127,133,121,1911
43,12,23,29,15,61,20
301,7,74,10,0,58,8786
180,32,348,76,32,90,10582
794,115,243,150,0,205,1915
392,5,91,28,26,112,8897
39,1,22,3,4,12,2371
107,2,12,2,2,12,4303
13,0,3,0,0,0,6825
70,0,17,0,0,6,1072
680,11,392,75,0,0,4964
26,1,11,0,1,4,2461
522,0,522,227,120,134,10736
412,12,546,78,182,0,3194
6,5,5,8,0,5,10839
2,3,6,4,1,9,49
1,3,8,2,5,5,4290
6,2,15,6,6,3,10219
4,12,5,3,16,17,4211
18,2,19,0,2,6,1135
324,48,186,39,18,198,6299
327,9,125,25,4,139,10846
229,27,71,13,3,34,347
521,168,706,80,76,61,6543
184,23,446,30,23,23,10446
4,8,11,12,2,13,3479
183,2,64,7,2,12,11075
31,19,35,26,14,52,4442
219,3,60,12,9,12,199
479,28,136,75,14,35,6722
584,44,212,46,8,177,796
627,91,597,159,91,15,3749
24,1,16,12,2,5,8523
330,5,159,36,27,16,310
19,1,10,2,1,8,8629
28,23,29,29,14,47,236
606,148,228,15,148,22,9930
1039,43,204,153,58,29,3483
411,0,26,0,0,21,4599
34,1,19,2,7,0,7326
161,28,136,32,3,45,7352
623,53,178,23,17,133,2350
604,26,470,123,161,94,9145
3,10,8,3,16,32,2964
12,2,17,6,1,10,5585
184,174,256,50,30,32,9687
393,0,239,90,69,69,3732
410,73,747,76,161,30,6303
376,9,83,19,4,4,11176
7,2,4,2,1,4,2986
68,0,226,51,157,68,7462
642,14,49,0,7,57,3900
8,7,9,13,6,12,7034
840,53,804,23,71,17,9493
7,10,13,3,11,11,1143
464,5,64,7,0,37,1
30,3,47,19,21,42,3855
1492,38,287,50,57,33,5536
752,122,476,39,153,34,5989
1279,15,287,20,0,15,9499
22,1,8,2,1,2,6768
860,28,409,73,56,56,2150
3,0,5,13,0,1,6646
10,5,28,11,1,8,4887
351,16,156,7,5,145,8560
421,5,90,0,16,10,3321
2,5,7,0,18,18,11003
25,1,9,2,1,1,10402
336,123,274,46,123,141,9904
191,9,97,0,6,82,6141
563,50,774,28,31,187,5687
31,0,6,0,1,8,10856
479,5,82,7,17,171,5121
18,6,15,12,8,17,4186
91,65,52,10,44,28,368
5,7,24,19,14,20,3312
2,14,28,16,3,7,11121
362,50,431,134,35,54,5332
724,74,929,97,55,130,5848
605,91,399,0,45,205,10343
547,7,140,0,7,63,5935
104,1,54,13,9,14,2895
8,2,15,0,10,18,10262
224,2,25,7,0,110,7848
384,0,102,21,32,5,9477
556,54,845,202,133,63,4856
24,0,2,0,0,9,7186
408,0,21,0,0,17,5794
265,199,303,234,9,170,1456
34,0,7,0,0,0,4877
374,64,116,84,25,64,425
27,2,10,0,0,1,3007
600,20,350,29,30,33,1031
13,2,18,6,1,0,4297
167,2,89,0,0,34,807
0,2,3,4,1,5,9553
46,35,69,84,41,66,4271
88,39,78,58,13,93,4120
243,11,119,10,3,15,2036
275,11,68,25,7,7,115
6,0,4,0,0,0,4259
121,62,90,68,20,125,8687
4,12,15,19,7,12,2447
1308,0,396,23,0,0,10140
515,47,267,62,66,38,9353
4,0,16,17,4,4,3623
48,13,57,24,15,25,738
562,58,168,43,16,142,7631
769,22,500,210,143,33,4789
379,4,93,12,9,98,773
29,12,59,19,1,36,10602
387,68,569,89,45,68,1446
12,23,38,30,18,7,3270
6,10,12,3,15,40,8443
27,1,14,4,1,21,9653
9,1,5,0,0,1,8916
22,0,19,6,5,3,8017
899,102,838,133,102,40,5830
889,55,685,168,92,129,4597
189,2,55,0,5,12,7023
48,0,2,0,0,5,8086
230,14,156,82,24,58,8825
852,60,207,78,36,48,2930
35,3,20,4,1,20,1928
205,20,47,23,2,56,7108
255,31,446,40,56,175,10925
0,0,1,8,3,2,9960
437,8,206,160,49,42,8800
825,8,53,11,0,242,9224
316,58,161,76,51,135,5519
756,138,354,160,169,61,5046
194,55,134,15,0,3,7037
7,17,18,6,10,26,905
183,33,493,59,103,57,8624
171,0,11,0,1,20,8945
243,101,405,29,40,40,6445
181,21,69,39,3,96,2727
151,7,89,0,7,28,6404
494,92,391,194,11,241,11074
464,28,873,29,18,37,10150
5,1,5,10,0,7,1968
29,0,29,0,5,4,6534
102,9,49,24,3,12,9485
604,28,674,91,28,28,7053
571,12,523,63,60,24,4654
953,0,71,0,0,174,9760
63,3,67,8,9,28,1048
770,29,890,250,27,24,10619
398,61,265,138,61,53,9308
741,19,154,50,9,28,10505
1478,19,403,0,19,0,8362
156,29,56,30,32,47,2625
960,64,464,146,0,16,4637
38,0,2,0,0,6,9972
315,26,473,220,12,182,4483
15,20,25,2,7,26,4487
19,6,20,0,5,12,4988
812,99,431,237,149,33,8931
73,28,217,10,24,115,5871
372,23,384,250,12,108,2008
871,111,704,145,55,166,3139
375,152,335,93,91,81,10037
760,80,466,17,13,80,10673
471,0,510,99,21,12,5303
31,9,27,16,9,33,538
819,0,72,12,0,63,7922
1,4,3,8,9,7,5692
203,35,305,46,17,227,4843
26,0,15,2,1,2,6383
354,21,311,167,75,32,1628
1253,0,447,23,71,35,1204
371,17,238,23,24,106,3673
588,7,76,110,15,15,760
480,86,249,75,86,144,8957
517,12,54,16,6,120,4128
267,98,606,48,70,98,6810
1111,24,790,160,45,172,5386
7,7,14,7,16,15,8700
1166,0,48,0,0,36,3202
261,42,144,55,48,133,1328
135,25,51,23,25,46,8405
6,2,18,2,8,14,6515
711,28,142,49,18,47,2882
11,0,13,2,4,11,7574
42,0,17,0,0,18,6387
79,7,58,6,3,18,5320
20,6,43,19,5,38,5048
30,0,8,2,0,14,8146
20,2,23,3,1,4,10031
115,27,44,4,146,139,5748
263,5,233,69,41,83,2134
69,2,15,2,2,6,1523
267,3,30,4,0,57,9665
561,85,171,25,123,114,4640
492,0,37,7,0,42,3635
14,7,9,6,16,12,3547
80,4,46,0,17,2,2456
97,12,84,13,10,15,5633
197,107,227,7,59,131,7801
693,21,925,31,24,84,10489
43,2,27,0,9,12,7011
14,0,2,0,0,7,2620
186,36,234,86,72,48,3933
434,137,400,45,137,45,10981
59,0,11,4,2,5,1734
16,5,30,8,7,26,10995
230,35,75,63,57,31,6357
829,138,430,60,92,15,9209
318,8,407,150,35,8,10286
1206,55,445,168,18,18,2611
292,3,77,10,3,26,1600
30,9,12,2,11,30,3308
729,17,133,11,0,195,5407
12,1,3,0,0,7,2166
2,1,1,1,0,1,3955
22,3,18,0,0,11,6634
587,43,337,42,87,54,3056
674,168,108,192,42,231,5718
284,3,84,4,7,23,6872
1023,93,651,49,55,37,8164
1394,22,708,89,91,182,4580
311,26,640,180,37,121,9305
27,0,12,0,1,5,453
1296,17,311,45,69,51,8545
3,6,7,0,0,3,9850
393,5,136,7,5,27,7378
218,63,282,137,35,70,7646
66,0,16,0,6,20,1640
4,2,11,2,0,4,5184
795,0,545,95,58,0,8492
15,10,19,8,17,20,11188
384,25,292,130,41,64,1212
244,8,32,7,2,50,9097
158,19,288,25,0,38,10473
1285,21,449,106,20,20,7962
349,16,144,28,5,182,9984
4,12,11,3,13,15,5527
223,2,31,0,2,39,6374
157,43,127,68,56,37,7453
397,46,288,20,38,70,8952
901,31,345,75,31,191,241
14,3,21,2,1,28,8975
10,0,3,0,0,4,6119
1230,0,396,232,178,158,5236
81,1,31,2,1,0,5723
154,20,66,0,12,27,1710
63,0,21,7,0,12,1970
30,0,11,0,0,3,5313
90,67,165,30,43,11,10634
635,114,254,132,152,76,7010
127,4,73,15,6,11,8562
13,3,6,6,5,6,3158
18,42,24,15,20,18,4436
45,2,26,4,1,1,5287
38,1,24,0,0,0,2445
986,36,168,16,0,108,6059
61,0,3,0,0,7,4550
4,9,16,17,0,12,4240
201,53,172,116,77,83,8911
19,8,29,0,12,26,3706
4,8,11,19,12,26,3628
18,0,2,0,0,2,10175
806,80,161,120,11,33,8985
380,98,733,110,112,28,5204
576,172,961,125,115,19,9220
458,81,356,106,50,40,9888
5,10,13,3,8,16,5263
350,60,568,110,133,145,1020
39,33,130,41,26,44,9503
26,1,16,2,2,15,10613
68,0,16,0,0,8,67
45,3,9,4,4,7,6019
359,0,134,13,26,123,5863
403,24,29,6,24,218,3717
34,1,14,0,0,5,6730
73,18,66,7,12,2,10749
292,30,415,63,33,200,4998
14,0,16,0,0,6,6287
80,1,37,0,1,3,5985
30,11,33,13,6,29,4754
463,96,333,168,53,10,4002
75,12,141,43,39,187,8870
538,13,91,17,6,26,966
635,114,254,132,152,76,4767
8,0,3,0,0,1,9725
1315,22,780,145,0,178,4475
4,2,12,7,5,26,5740
12,0,13,2,0,10,5731
347,44,534,17,0,26,7290
192,5,53,0,5,15,3846
241,0,12,0,0,25,8104
631,28,491,30,14,56,4507
336,28,282,184,54,54,11013
1099,0,45,0,0,34,4491
743,19,181,12,0,200,3759
124,83,267,85,59,35,1162
15,0,8,4,2,20,2055
397,19,69,12,0,9,10766
10,4,4,3,3,14,4415
530,117,678,134,44,147,3005
1215,33,249,64,116,149,2223
3,2,7,0,4,2,4817
444,44,382,11,8,17,2875
26,0,15,2,1,2,10536
736,114,279,82,76,190,11112
473,21,176,19,21,56,3807
32,0,5,2,0,8,9197
288,10,30,4,10,125,10832
1050,178,555,77,138,118,6421
1001,44,107,58,44,44,4207
9,1,7,0,3,2,577
234,14,77,19,10,42,10855
7,2,6,2,0,3,3081
251,108,334,65,92,117,3535
172,10,125,21,13,16,247
565,42,548,64,83,99,8707
5,0,8,2,0,0,9523
918,57,842,99,38,133,6072
652,8,158,21,0,142,6295
4,1,7,2,1,2,10914
152,27,103,106,54,81,1509
8,0,9,2,1,3,5577
336,130,411,240,32,43,7348
938,19,843,25,95,38,1127
68,8,18,19,8,12,1833
227,23,389,42,21,75,4944
38,4,22,3,3,3,9080
105,0,9,2,1,4,6466
162,50,100,55,30,27,9964
574,8,216,21,16,33,4790
160,80,369,67,39,41,10245
6,0,5,0,0,1,1109
614,35,160,58,35,35,6001
897,161,430,186,161,27,5538
70,54,109,80,9,45,10552
120,19,206,25,19,54,1545
211,2,30,7,7,10,7409
11,0,16,7,6,21,4444
760,53,400,17,93,0,146
53,0,8,0,0,2,6271
7,4,13,15,8,17,10065
391,32,70,21,32,16,4741
199,9,57,20,21,6,246
516,56,449,86,33,16,375
709,45,115,30,160,45,1524
12,0,4,0,0,0,10022
1000,19,711,125,115,38,7451
19,3,18,3,1,0,11010
1224,28,140,0,14,168,4356
16,2,18,3,0,24,3885
88,39,54,64,28,153,1175
2,23,11,8,6,46,880
508,11,59,23,5,29,2320
381,28,215,84,28,21,850
74,0,42,2,1,6,4713
146,0,93,7,13,73,675
23,17,23,43,20,9,5025
110,5,137,26,23,29,2308
165,3,147,4,24,41,5995
957,47,494,82,47,95,6749
41,0,17,3,1,16,1010
1,3,4,2,3,11,8977
176,29,818,0,33,112,4756
815,8,53,11,0,70,3412
6,1,2,2,0,4,606
8,4,20,6,3,16,5961
717,42,864,219,30,84,2975
1067,138,750,0,19,39,2894
166,5,107,11,8,29,7613
29,4,34,2,4,4,10542
714,76,395,116,0,12,8015
8,4,10,2,2,4,10617
229,5,56,3,2,20,11166
320,48,133,39,72,48,849
23,0,26,7,15,3,523
1,5,8,4,8,20,4066
56,0,12,0,0,18,8414
508,124,249,50,38,134,819
29,0,25,2,2,3,4961
46,7,59,2,4,27,749
454,0,171,8,19,32,5430
350,3,39,0,0,19,7755
10,0,8,0,0,9,10525
735,40,183,52,20,30,1453
897,126,196,91,112,37,8310
5,2,3,3,0,5,10710
777,35,731,39,137,114,5031
162,6,37,6,13,13,2613
35,0,11,0,0,2,213
342,9,112,19,14,19,967
258,105,239,237,172,9,1077
658,80,483,123,13,13,7959
356,80,329,138,17,106,640
213,5,28,7,7,41,4252
454,0,171,8,19,32,8432
457,4,29,0,0,9,6218
241,45,604,34,26,54,6905
210,0,6,0,0,2,5922
441,35,83,7,29,11,3598
19,13,18,10,7,8,6116
28,9,37,12,7,13,6263
476,75,162,29,151,97,10486
364,40,425,158,60,50,2410
0,0,2,3,3,8,193
0,6,3,7,6,12,3363
863,83,547,86,99,33,8278
349,7,35,0,0,47,10660
5,23,15,0,18,14,8686
184,2,19,8,8,4,1604
8,0,8,0,0,2,5907
277,21,64,62,21,25,10669
44,5,19,0,4,19,2918
1156,120,915,94,144,96,5735
373,14,83,6,9,19,359
134,8,76,6,0,11,8387
1148,0,60,0,0,24,1829
6,12,3,21,6,40,3839
4,1,11,0,0,1,9392
5,4,8,2,0,5,2292
24,2,20,2,2,10,10466
899,0,101,0,0,20,9855
108,1,28,13,1,4,4088
27,2,7,0,2,13,5231
816,66,549,216,66,99,590
1298,0,70,37,14,42,8732
10,0,11,17,29,29,2315
87,13,34,10,6,10,3515
57,2,51,4,2,23,2245
635,15,100,20,7,131,6283
43,12,23,29,15,61,2246
964,34,137,15,0,11,6606
572,8,259,34,35,80,5545
341,142,113,259,151,66,7342
63,6,57,13,13,22,837
221,104,169,102,78,84,9500
140,3,29,4,5,14,3602
1,2,8,4,3,13,234
291,10,689,84,10,0,2995
544,13,85,8,6,29,1118
684,100,801,21,66,0,7789
1,12,9,0,14,7,3068
35,0,4,0,0,10,8955
87,3,25,3,2,13,945
309,3,24,4,3,20,5644
172,73,93,95,78,34,7192
625,38,242,50,34,76,2324
972,59,913,25,19,59,697
157,6,39,6,13,75,3439
48,9,45,3,15,20,1506
279,83,88,32,14,34,232
132,0,16,0,0,4,8876
919,0,505,99,30,45,4500
62,0,22,3,1,26,9739
1,45,3,4,6,42,10395
2,6,4,3,1,9,1176
408,61,109,48,122,41,1627
51,1,7,2,1,25,938
62,1,16,3,2,6,2740
952,12,180,47,12,12,257
618,15,106,20,7,45,4058
11,7,12,2,2,27,7736
318,3,17,4,7,56,8210
56,0,14,0,0,2,833
110,5,59,7,1,7,6230
23,0,11,2,1,3,7325
27,5,8,8,3,12,1307
18,3,19,3,3,6,1502
18,0,9,0,1,11,6211
303,0,280,60,147,15,843
97,1,19,2,0,11,4174
997,15,414,99,30,76,9757
5,4,13,8,0,4,6918
95,11,35,0,4,7,286
1,6,2,3,6,3,11086
46,1,12,3,0,9,1921
411,106,147,54,115,66,4138
244,51,270,101,0,45,7718
152,9,121,12,12,45,1291
1,1,3,1,1,1,6862
10,17,18,8,26,40,4136
12,0,5,0,0,4,803
5,0,4,0,0,1,4298
790,19,133,12,0,19,10833
882,29,514,38,29,44,9606
615,28,259,12,48,30,8534
1004,59,265,115,59,27,5153
133,27,421,13,195,71,961
595,23,123,10,23,154,5011
293,0,87,4,11,23,6653
313,15,47,20,0,192,9094
151,81,86,168,91,64,810
15,0,2,0,0,6,5493
736,63,946,219,189,126,2147
15,0,8,4,2,20,5107
982,17,672,23,34,51,3979
1142,51,415,90,69,37,6049
28,0,11,0,0,9,8147
46,0,12,0,2,23,1857
897,161,430,186,161,27,3910
489,6,152,8,6,132,5207
25,4,9,6,8,32,11114
145,1,33,2,1,1,5429
630,26,611,44,18,54,9400
760,38,104,50,9,38,1740
420,15,186,151,38,15,7488
125,17,52,3,19,30,195
464,5,64,7,0,70,635
6,6,29,12,15,8,7527
1090,12,96,16,12,60,10319
3,2,11,2,2,10,2296
24,0,27,8,30,10,10637
737,21,106,55,63,210,2931
254,6,71,4,0,27,907
817,185,687,145,55,241,3698
620,54,239,99,98,119,9516
13,4,20,0,0,1,679
113,61,204,34,26,47,7384
7,23,78,133,49,144,5043
16,2,18,2,1,5,5267
462,0,24,6,0,4,339
22,2,10,6,4,34,2516
968,147,842,137,42,210,9010
283,112,151,51,72,125,378
1,2,5,6,0,3,4808
14,1,7,2,1,1,5068
30,5,24,6,3,8,7628
4,0,5,0,1,5,7128
52,0,9,0,0,1,2811
62,1,57,19,11,48,3551
20,2,14,3,0,10,1663
545,7,114,37,21,78,5543
558,79,622,207,175,95,1577
6,5,4,13,4,25,10641
39,1,9,2,0,8,5336
1111,24,790,160,45,172,6024
4,6,8,6,3,10,1878
183,5,65,3,5,49,3099
546,72,376,94,145,72,6055
606,7,155,10,0,54,5841
266,6,51,8,6,64,3972
1142,29,249,38,29,14,4394
1074,0,69,0,0,46,5758
771,51,154,54,10,154,6658
371,32,189,0,58,6,4603
556,14,717,210,0,43,8427
202,5,74,11,5,14,10260
209,162,209,41,162,37,7143
35,40,111,36,40,12,8789
37,0,17,0,0,3,6197
171,45,73,59,10,90,4554
12,2,20,3,2,5,4937
44,4,21,6,0,27,1920
20,2,9,4,6,20,8749
779,86,537,34,69,138,1650
170,6,97,24,12,88,10377
491,48,231,112,105,134,9206
173,8,107,7,2,176,10971
7,10,13,16,0,4,6398
1205,0,235,19,14,205,9212
10,7,25,6,3,7,7937
97,4,44,6,1,18,839
67,11,26,4,3,262,4246
345,53,528,98,75,97,158
6,5,17,3,24,46,4832
73,57,100,71,15,0,5621
711,36,217,172,96,168,1945
774,70,118,182,187,93,5147
163,0,480,0,126,75,2535
82,33,54,71,30,41,11039
358,108,413,141,97,32,9495
66,2,40,4,3,14,9635
13,6,7,0,3,3,2173
139,13,78,20,13,36,942
274,0,21,4,6,15,9386
262,6,61,0,10,102,5510
1099,0,45,0,0,34,873
32,0,8,23,4,18,2253
2,4,2,0,11,5,5181
6,10,21,19,14,42,979
6,7,4,3,4,6,10390
135,46,92,65,61,11,4698
641,7,84,0,30,38,7793
714,76,395,116,0,12,1745
794,73,573,0,29,14,10590
420,0,452,182,64,140,5080
1,2,7,4,3,11,8369
86,12,75,33,15,6,5232
823,25,459,124,29,95,2407
231,161,215,171,30,53,3834
8,15,27,0,20,33,7912
182,17,259,77,70,29,7712
557,129,984,193,37,18,1065
79,1,31,4,4,12,7275
368,24,68,38,0,88,1343
6,4,14,8,8,22,1384
160,15,196,15,11,50,9967
488,21,238,56,108,28,6181
691,7,69,0,7,23,10507
543,10,205,160,143,82,2674
254,7,108,20,0,26,2698
5,4,10,2,2,7,3231
112,19,21,16,14,5,4096
134,11,59,15,2,30,10476
143,6,52,11,8,17,5948
51,4,24,4,7,1,9140
27,0,5,0,0,3,10258
459,0,24,6,0,4,5675
689,8,167,11,8,88,4743
283,10,38,0,13,27,8805
347,0,35,4,3,7,1542
5,13,14,0,5,31,6770
280,0,18,0,0,24,8773
187,5,65,26,20,14,10475
95,14,64,2,9,38,10420
84,10,34,11,10,28,7514
19,4,12,2,2,6,2902
5,1,9,2,0,4,4345
18,3,17,3,0,4,793
992,24,694,51,19,119,10909
25,1,13,0,0,3,3769
9,1,7,0,3,2,8702
19,1,17,2,0,2,4791
709,93,374,104,80,80,2963
158,0,76,13,7,71,8216
10,14,29,4,2,36,8140
25,1,13,0,0,3,10146
8,4,12,15,4,29,5289
14,0,6,0,0,0,2587
622,7,115,30,0,15,4405
11,0,3,0,0,1,8663
25,3,16,8,5,2,2589
635,15,100,20,7,131,3421
100,64,79,65,0,109,10490
201,2,43,3,5,35,4094
642,14,49,0,7,57,9958
97,1,41,6,2,41,2534
204,5,39,17,0,89,4188
513,7,133,46,14,14,6613
88,3,21,4,1,29,10827
172,12,112,8,0,15,5491
329,35,222,130,35,43,8402
296,13,104,11,13,17,8783
100,2,16,2,1,31,10010
422,7,238,69,46,15,618
1218,16,272,104,0,80,9121
5,1,7,2,1,4,361
507,93,520,242,40,26,4310
52,12,50,4,36,55,2678
191,56,139,51,8,100,6376
2,23,11,8,6,46,524
68,28,39,16,30,41,10341
20,4,10,6,4,17,5654
20,3,16,0,4,1,4098
7,0,1,0,0,0,5824
279,172,74,38,8,246,7000
977,12,253,16,12,101,2561
30,1,8,0,0,3,5229
6,1,7,23,4,19,4086
3,18,26,11,8,12,2428
14,0,2,0,0,7,8254
10,1,7,0,0,1,2836
7,10,17,8,6,13,8418
33,87,64,175,16,74,1362
12,0,13,2,0,10,7152
2,3,10,11,2,10,10033
693,21,118,110,147,42,9349
9,3,15,2,3,2,274
129,26,67,3,67,2,3388
16,2,11,3,0,16,922
201,2,43,3,5,35,8588
5,4,5,4,2,10,2518
14,36,11,3,26,35,574
29,12,59,19,1,36,3220
26,2,19,10,5,8,5967
9,1,4,3,2,3,1183
14,0,23,4,5,19,6856
972,19,595,180,26,138,4530
966,168,672,246,105,126,1553
99,27,102,28,48,6,4682
482,35,553,72,160,17,8204
714,8,99,11,0,47,5221
587,54,348,71,54,130,1232
399,27,159,58,8,39,1927
56,10,92,19,7,25,5788
227,151,573,98,54,31,6652
703,102,601,0,58,43,6246
37,0,17,0,0,3,5975
167,13,180,86,13,70,6875
458,81,356,106,50,40,4399
91,3,52,2,1,31,4042
15,8,16,11,5,22,2157
1302,68,731,89,114,45,10133
153,64,123,116,64,14,2525
508,5,21,7,5,10,8233
290,59,177,77,5,29,9483
38,0,2,0,0,6,2945
2,13,6,7,5,11,10403
30,0,10,2,0,5,5074
386,23,95,54,41,196,10524
443,10,75,0,10,48,4690
901,31,345,75,31,191,7521
9,0,3,0,0,1,7196
846,84,352,91,56,42,4406
8,3,9,19,4,22,9672
72,7,58,13,1,24,4864
29,0,5,0,1,5,4706
169,24,553,188,0,144,4070
460,35,422,33,12,153,25
69,8,26,12,7,12,3697
556,14,717,210,0,43,217
73,0,13,0,1,0,4220
112,1,54,7,7,36,5286
944,0,60,0,0,30,9559
265,199,303,234,9,170,2849
526,28,135,10,21,99,7787
2,3,12,3,5,7,3102
2,4,9,10,5,16,5868
378,97,259,197,194,34,8370
553,25,142,65,67,8,9988
751,127,687,20,15,31,2939
406,0,30,0,0,8,5529
1449,89,161,69,35,107,9743
123,17,171,39,0,30,5763
267,42,309,55,42,21,3478
209,0,40,3,2,15,7494
1259,172,815,97,148,33,1763
344,35,178,15,23,17,7250
22,3,30,0,5,15,2005
247,161,295,210,85,47,10770
38,0,12,3,1,1,6885
896,10,101,13,10,34,2072
931,56,253,91,98,14,9463
758,12,385,33,89,89,6318
216,9,57,20,9,125,4093
2,3,10,11,2,10,5751
244,15,108,4,15,50,3340
539,6,91,8,6,97,3594
1181,26,120,17,13,39,3584
750,8,125,11,8,26,3643
306,5,109,21,109,92,851
350,104,189,197,151,57,7706
331,197,170,58,152,35,3967
620,16,165,0,24,82,10128
434,137,400,45,137,45,486
57,0,27,0,0,36,9
811,76,428,99,137,107,9451
423,42,706,73,197,197,9264
2,12,10,6,13,30,3865
60,51,87,6,20,51,2853
675,0,85,10,7,77,1490
30,8,12,8,8,12,6310
40,1,40,4,3,18,10380
3,17,26,20,1,39,3887
910,111,724,49,74,55,4278
252,98,827,219,70,196,8643
34,6,21,11,4,8,1998
19,3,19,3,1,3,10795
2,1,1,0,0,1,11110
490,0,184,10,28,21,2408
332,194,377,149,125,57,202
53,8,17,13,0,21,7998
784,48,560,42,176,48,830
7,11,3,10,4,20,3536
1171,43,219,19,14,47,6050
215,7,33,3,0,13,125
674,62,134,0,26,8,3463
57,0,27,0,0,36,2804
5,36,7,0,10,45,3745
104,20,101,24,15,5,9771
9,0,7,2,0,4,451
431,82,441,80,20,102,10530
1000,0,76,0,0,10,1079
448,40,469,80,0,91,8920
33,4,24,4,2,5,6678
505,72,270,36,27,54,3852
267,38,701,149,165,63,528
14,0,3,0,0,1,73
631,0,115,10,7,30,5589
65,4,16,0,4,11,10212
10,12,12,25,1,20,6365
51,4,50,12,1,49,5636
293,35,179,46,59,65,591
11,1,2,2,1,6,2217
50,1,27,6,7,1,2544
173,26,255,35,71,81,7725
423,184,368,13,97,21,8091
292,30,415,63,33,200,7321
757,80,217,29,80,11,5462
12,1,6,0,1,5,7791
167,2,44,6,2,19,955
3,1,3,8,0,5,4037
30,5,22,8,9,28,6642
532,88,168,69,44,133,2793
29,12,59,19,1,36,5424
411,0,26,0,0,21,879
5,3,4,4,1,0,9530
71,99,278,185,121,38,4828
46,0,40,3,0,3,10699
268,11,88,15,3,22,1497
928,63,254,0,12,12,7476
459,15,171,142,23,31,4390
483,0,108,0,6,36,10478
733,9,180,12,19,66,1081
1006,22,115,59,68,45,4261
34,1,14,0,0,5,9916
1156,120,915,94,144,96,5350
7,4,23,7,0,11,8135
244,15,108,4,15,50,8685
233,0,23,0,0,12,4967
35,3,67,10,8,24,2130
1252,0,465,46,35,0,9298
34,4,66,3,10,20,8175
255,43,134,37,14,24,6257
8,1,5,0,0,1,3790
368,32,639,13,43,10,9952
255,47,573,52,32,15,3503
33,8,10,2,10,3,5223
163,23,424,27,65,76,4608
15,0,8,4,2,20,1626
45,12,52,25,22,13,4764
48,58,68,16,66,43,2471
158,6,45,8,2,2,5892
754,160,625,63,32,48,2612
108,1,28,13,1,4,4971
199,66,315,97,174,41,5185
2,7,5,2,15,27,10069
202,5,74,11,5,14,2262
85,0,3,0,0,7,1131
322,3,50,4,3,42,1041
18,2,19,0,2,6,24
141,8,129,3,11,47,3409
739,107,309,140,80,35,7022
18,0,6,3,3,5,7943
378,0,88,19,4,73,5272
1083,108,649,253,151,108,5453
1016,12,215,16,12,63,2565
23,1,6,0,0,2,800
12,1,21,2,2,3,11092
35,0,4,0,0,0,5062
548,31,422,0,112,28,8969
342,32,230,34,32,40,4656
365,3,15,4,3,11,4480
397,19,69,12,0,9,9971
456,19,832,75,118,38,6729
5,6,15,11,7,13,1773
836,185,575,24,25,77,9242
100,2,128,23,7,10,1764
10,0,10,3,1,7,6215
238,115,215,169,69,76,10099
6,0,5,2,1,2,5423
158,11,99,15,11,17,940
86,12,75,33,15,6,3011
856,0,76,12,9,199,3298
98,1,17,0,1,5,8286
4,16,20,0,17,20,9668
398,96,447,220,96,32,5120
313,8,104,6,4,126,6097
109,18,16,24,26,18,7019
216,2,6,0,0,9,7408
595,71,153,120,112,41,8041
123,133,142,71,44,88,252
16,0,23,3,2,10,9986
11,12,35,3,5,12,3276
410,112,420,0,82,71,3859
159,2,51,6,2,24,3570
105,0,10,0,1,0,3783
5,1,8,0,0,1,10207
269,15,69,15,19,38,10906
629,0,70,0,0,35,3427
443,5,71,21,16,82,5209
217,77,373,111,23,93,10711
24,1,10,2,0,4,10785
9,1,5,4,5,7,2814
8,0,14,2,3,7,6866
1459,0,61,0,15,215,1665
230,48,214,13,32,75,6575
1,3,6,10,0,9,3829
340,21,134,258,14,56,3091
7,1,6,0,3,3,10141
298,7,68,4,0,19,5177
479,35,179,28,7,85,7005
267,140,599,34,12,127,6409
67,4,32,17,2,16,7485
3,1,8,23,2,18,8079
980,37,265,35,163,31,8395
50,4,28,6,3,26,10352
1,0,1725,2,1,1,4931
19,0,5,0,0,8,13
30,5,23,4,1,4,1834
213,9,76,4,3,30,2285
539,30,92,80,46,38,2295
284,16,160,84,16,134,1378
1003,34,536,134,51,34,2781
239,13,143,45,4,52,1165
51,23,82,33,0,42,1404
527,24,230,32,24,65,6457
19,5,12,10,3,19,2639
40,2,15,8,0,6,8299
21,8,20,15,3,9,6437
593,30,91,29,22,7,6912
21,5,3,10,1,7,7327
1181,107,199,39,30,30,5299
1004,59,265,115,59,27,4127
202,2,46,3,2,10,8143
446,107,768,33,196,53,1964
1184,102,673,52,40,40,3690
390,22,323,104,35,107,3433
726,53,363,123,107,161,3389
8,8,22,24,11,9,4712
50,15,110,39,15,15,1170
1,1,4,11,9,10,6347
308,0,73,0,0,23,4065
22,2,31,7,4,5,8230
690,117,499,76,102,88,1215
43,5,28,7,6,33,5939
27,0,10,0,0,4,2156
6,0,3,0,0,1,7788
205,7,41,3,2,46,10323
24,0,8,0,1,4,7947
667,50,850,21,83,83,1891
691,7,61,10,0,46,2570
493,26,206,116,80,80,9256
493,70,324,146,40,84,295
494,5,82,7,0,100,7397
621,73,414,78,48,85,6349
9,0,5,0,0,7,10790
1,6,2,8,2,12,10398
12,4,19,12,6,14,2431
243,131,217,85,6,26,550
11,1,4,2,0,7,1890
532,21,127,26,20,20,10742
29,0,2,0,0,1,10356
612,91,520,258,107,107,4676
387,126,342,0,45,180,8852
56,0,14,0,0,2,3565
6,8,19,16,4,4,5294
582,0,65,0,0,13,1958
6,17,16,6,16,42,7349
70,6,69,2,3,3,8799
962,12,194,16,24,12,1351
112,10,107,30,0,20,1045
293,0,124,179,97,52,7732
199,12,31,3,12,7,8070
1060,61,835,80,20,101,477
940,44,396,0,88,58,7832
44,2,11,2,3,7,2202
342,51,936,207,35,26,7396
2,10,11,12,9,20,4055
75,12,141,43,39,187,10340
520,20,367,39,81,40,10091
5,3,9,6,2,6,7629
87,5,71,7,12,29,10640
462,61,184,10,53,107,3498
2,2,1,3,1,2,6742
979,44,935,29,25,22,1172
704,129,853,120,74,111,569
861,31,558,62,95,79,4686
172,3,115,16,0,18,1381
5,7,31,15,4,7,2634
194,2,56,0,0,0,10905
9,7,13,3,2,20,1744
505,72,270,36,27,54,1000
533,10,217,198,174,195,3828
48,0,14,0,0,6,8605
6,1,7,23,4,19,10304
18,2,10,0,0,25,4351
482,147,509,104,107,107,10129
204,97,97,21,118,26,2499
1073,0,250,153,14,14,10092
245,16,223,21,43,16,7500
560,21,442,29,44,29,5796
173,13,131,32,3,6,10556
22,1,11,0,5,3,1064
136,1,12,0,3,32,48
275,0,86,10,23,66,7610
56,19,29,2,14,25,263
303,23,751,82,26,191,10814
708,7,62,0,0,15,9710
324,132,693,27,118,88,9292
1,5,3,7,4,8,10250
620,26,195,34,17,141,7881
312,21,206,102,92,149,5847
1493,86,454,112,43,43,737
918,21,118,13,10,21,3571
98,0,106,49,10,106,7807
3,4,7,15,8,11,3878
380,0,47,6,0,34,5092
15,0,12,7,3,7,2154
3,9,4,7,8,7,5394
24,2,23,0,8,24,3798
80,1,60,4,6,16,3524
31,0,6,2,1,5,5247
138,120,204,16,126,60,5883
166,75,96,119,107,59,2118
12,3,8,8,0,17,8812
178,3,85,71,66,58,6616
707,20,171,65,60,50,2797
5,1,7,17,14,11,4328
465,71,250,93,35,62,9167
16,1,2,0,0,1,10560
358,108,413,141,97,32,2631
1,9,7,2,14,10,8312
123,1,26,2,0,72,5534
40,3,30,10,7,11,5093
102,9,63,2,9,24,7592
347,44,534,17,0,26,8895
376,53,462,168,53,53,8584
21,0,3,0,0,0,2694
194,2,56,0,0,0,8910
64,4,68,7,5,17,7433
206,0,46,3,2,12,164
71,0,18,0,0,13,10477
71,22,112,138,89,29,2681
0,4,7,11,10,15,5150
93,1,21,0,4,25,5283
920,138,168,36,46,30,9645
653,17,170,34,26,17,10678
199,33,60,8,3,15,7261
153,4,56,0,9,31,9648
376,0,38,11,8,69,2870
46,0,30,12,1,30,8008
600,21,128,223,150,128,1513
425,115,292,23,35,79,6173
18,6,15,12,8,17,1419
52,0,9,0,0,1,9150
734,22,350,151,25,100,7960
34,6,21,11,4,8,1250
135,1,41,10,1,67,9905
11,0,10,0,2,20,10691
163,48,90,0,45,52,7002
29,3,30,3,2,9,2952
734,26,70,11,44,17,8439
340,21,134,258,14,56,762
453,38,279,188,38,183,2831
1073,0,629,145,37,37,6977
135,0,10,0,4,36,6289
231,7,137,4,15,39,4168
18,0,5,0,0,11,8397
620,16,165,0,24,82,9284
81,4,33,5,2,291,6237
12,4,2,10,6,10,3130
292,51,981,224,23,17,1619
965,34,586,89,86,37,1990
27,2,10,0,0,1,5513
777,30,163,0,51,122,269
572,8,232,23,62,17,8093
438,169,565,91,169,70,10513
531,69,300,150,138,150,10177
17,0,9,0,0,1,2549
402,35,106,101,77,42,5782
503,27,419,90,139,153,10057
369,9,87,12,14,34,10307
5,0,3,0,0,1,8566
362,17,398,80,35,61,2415
56,0,9,0,0,3,5684
79,1,31,4,4,12,8334
387,84,141,73,35,162,9166
367,17,241,104,188,232,1440
15,0,11,0,2,9,78
267,6,54,8,3,50,5441
298,27,697,216,24,166,5302
674,92,736,39,0,92,4687
16,14,36,37,22,48,1087
37,4,24,16,9,9,6859
159,0,22,2,1,31,9860
686,17,142,23,26,35,7129
97,3,66,12,7,34,5866
63,6,57,13,13,22,10521
56,5,24,4,0,3,7393
209,19,456,160,142,66,7849
198,2,43,0,12,20,332
313,15,47,20,0,192,9847
941,14,397,76,58,176,531
86,4,56,2,4,7,9576
167,48,602,63,72,72,6906
8,3,19,0,2,3,7419
389,66,408,37,57,85,3170
239,7,119,4,15,11,8527
179,21,273,0,21,63,7872
5,0,1,1,1,1,9931
2,6,28,13,4,16,10595
383,0,53,6,4,40,4609
2,8,8,6,1,9,5010
536,27,590,38,107,67,4427
2,1,4,3,1,2,11148
322,53,899,34,40,53,1168
539,169,816,20,0,30,9595
712,50,420,65,38,38,10163
1121,0,72,0,12,12,2886
68,1,13,3,5,13,6710
36,4,18,6,2,18,5316
707,44,603,95,58,29,9029
174,77,203,6,24,97,521
666,35,124,69,8,26,1459
0,0,0,6,2,6,10241
162,50,100,55,30,27,1630
407,70,239,103,88,53,3254
823,25,459,124,29,95,9064
488,23,71,15,0,59,3678
28,0,13,4,2,8,4227
3,2,10,3,0,2,9467
284,0,52,8,3,20,8486
938,142,754,159,81,183,2186
13,2,15,2,2,8,3286
412,172,153,150,105,57,8602
31,1,8,0,0,8,3722
502,19,132,0,6,26,6715
18,10,3,3,5,0,4796
1,8,6,4,8,16,9612
100,71,243,108,94,219,3766
407,114,445,181,165,203,1399
664,9,240,50,19,57,1570
1045,61,338,60,46,46,3426
1218,107,304,23,143,33,3074
15,0,6,0,1,12,8341
128,0,16,0,1,4,5180
581,49,157,43,8,108,6461
6,3,12,6,1,0,7679
185,8,133,56,56,12,10702
22,1,9,0,0,14,7505
584,100,835,65,83,35,5113
355,30,177,90,138,30,10858
175,10,110,54,6,27,2961
864,134,768,150,38,172,2747
957,153,612,99,95,153,3010
25,6,16,20,0,5,5790
641,7,56,0,0,28,6892
273,86,208,177,14,43,1743
122,21,43,25,10,15,3578
1,4,10,29,0,36,8462
1020,31,430,62,63,79,5558
6,2,3,1,262,3,4619
378,14,68,19,14,14,8780
42,1,18,3,0,4,10789
15,5,14,0,4,11,10779
272,7,80,20,7,11,5896
9,1,24,2,1,2,2337
279,0,18,0,0,9,10951
398,61,265,138,61,53,544
637,47,237,12,19,76,17
45,0,16,2,1,6,10680
21,1,9,7,3,5,3265
15,4,13,0,0,19,5623
493,183,352,184,23,28,5832
957,40,175,158,53,107,5544
829,138,430,60,92,15,6417
1017,50,500,65,50,133,5831
953,0,71,0,0,174,7101
159,0,120,0,0,137,10176
32,0,8,23,4,18,2326
23,0,15,0,2,7,4385
18,42,24,15,20,18,2929
15,0,4,0,0,2,10686
23,4,5,10,5,23,2546
200,193,100,46,185,185,3283
1324,27,119,71,108,27,3138
1193,33,281,129,66,33,4994
505,137,401,104,22,22,7966
2,4,9,0,4,5,3112
1103,0,45,0,0,34,10872
353,61,753,40,46,27,2181
652,48,350,94,84,108,1867
379,6,157,25,91,91,1518
46,4,36,2,2,1,5734
162,31,127,8,17,69,2878
8,3,19,3,3,8,1458
17,3,18,3,4,18,7007
340,108,185,130,38,100,6200
8,4,15,3,5,3,1403
154,22,202,39,30,8,4827
710,15,30,20,0,0,6250
8,2,4,0,0,1,9291
2,2,4,13,13,4,2478
1050,14,322,0,14,112,1139
19,1,14,3,2,4,5138
22,0,6,6,2,6,5393
274,83,216,151,141,224,10413
68,6,38,3,6,41,5015
344,45,654,104,11,114,10868
145,193,459,205,26,145,10676
217,38,350,111,85,15,2495
18,7,34,10,2,3,7842
69,8,26,12,7,12,9955
144,0,7,0,0,6,6663
256,34,103,90,29,49,2162
483,72,567,94,12,108,3434
1285,105,653,28,21,0,7919
338,4,89,11,8,13,5626
605,10,345,84,54,32,6428
8,0,7,3,1,1,8514
172,41,86,45,6,27,10448
448,71,951,40,17,17,2109
67,4,32,17,2,16,7530
512,53,98,81,179,89,8925
1462,16,128,0,0,160,3009
20,0,14,7,3,1,6355
50,4,44,10,10,43,3517
102,1,15,2,0,24,1158
499,149,815,173,49,49,6203
381,35,172,56,86,93,7165
631,43,239,128,76,21,3595
526,80,553,123,94,53,8537
913,26,376,17,26,13,4331
673,0,199,37,47,26,6281
23,0,9,0,0,12,4338
199,33,60,8,3,15,2452
261,23,73,4,23,50,9507
111,16,37,7,9,18,8360
16,4,12,2,4,321,10311
63,151,137,153,19,53,5117
58,0,18,2,0,10,4867
29,1,17,0,3,13,9289
3,2,12,0,1,9,10913
28,34,62,11,14,44,3032
40,3,30,10,7,11,8524
879,143,797,106,143,143,3334
62,1,44,6,5,22,4470
280,7,81,20,0,27,1406
9,0,6,3,1,3,8619
182,4,33,0,2,42,10821
83,2,101,64,26,117,4552
38,15,54,3,8,29,898
228,19,130,4,11,51,9797
1092,37,592,145,37,55,10949
85,15,27,13,13,21,8212
1276,24,746,94,29,48,6248
1017,33,417,108,100,16,10164
6,2,9,2,1,5,4547
448,21,125,52,101,62,6815
504,23,117,179,28,44,4122
226,22,133,41,31,31,10841
239,3,141,0,7,23,5370
90,38,67,33,36,67,176
7,2,8,3,2,3,4860
4,2,5,2,0,0,10757
16,17,19,20,21,22,4023
10,3,3,0,0,0,6679
68,0,16,0,0,8,9923
35,0,13,2,0,2,7181
575,80,428,208,93,80,3599
315,0,31,4,0,91,405
182,2,49,17,13,20,6870
561,14,113,10,14,35,832
587,51,932,180,34,86,2002
94,1,33,13,12,12,3657
908,43,735,40,194,21,500
228,122,122,208,129,30,1951
995,112,417,42,48,41,3262
11,1,2,2,1,6,4102
3,3,14,15,21,10,7042
12,1,16,4,1,3,10598
17,0,2,0,0,2,255
8,0,5,0,3,6,2375
22,4,17,12,10,13,9829
14,10,29,4,7,15,6214
106,27,68,52,7,5,4954
820,57,242,45,0,11,7861
753,43,226,69,10,204,4837
13,3,17,7,3,3,9423
9,1,3,0,4,8,4198
19,3,6,4,2,12,153
520,8,223,32,49,42,9323
5,17,17,13,14,34,10001
618,44,215,0,17,36,3945
315,35,322,46,7,143,3799
15,1,23,0,5,1,8625
384,60,364,119,101,232,3491
110,29,92,28,10,145,983
208,17,76,36,17,38,9119
555,82,257,93,61,61,4786
240,90,216,63,6,24,5872
11,0,36,15,5,12,6568
848,154,323,201,61,78,5628
202,47,197,55,42,149,5631
433,89,650,16,102,102,4974
6,6,15,10,5,2,8416
37,0,7,3,0,3,5454
167,37,64,49,34,116,4095
45,7,99,4,25,43,5474
129,0,21,0,1,7,4268
713,0,264,120,80,34,10701
676,161,426,210,44,58,3507
450,26,535,73,98,26,2079
22,2,12,0,2,5,626
367,4,51,6,4,95,4426
526,35,214,69,53,35,2591
51,0,16,0,0,4,10509
25,0,11,3,0,15,6382
28,6,27,12,17,39,6673
958,159,447,20,0,31,7441
532,88,168,69,44,133,1071
724,17,143,0,8,196,10061
375,42,48,94,66,96,7187
39,0,56,20,8,14,8775
23,0,15,0,2,7,1612
587,54,348,71,54,130,2345
29,1,11,0,0,0,322
757,80,217,29,80,11,10897
544,35,133,23,151,107,123
40,15,15,17,6,7,6103
1245,33,332,21,33,16,7899
19,1,20,16,14,28,10500
16,3,15,2,1,11,1655
376,4,94,12,9,24,2406
184,178,178,103,39,33,2712
15,0,11,0,2,9,5517
124,83,267,85,59,35,10643
627,120,414,121,80,93,2254
180,60,241,13,54,54,10281
14,0,4,0,0,8,6958
3,3,24,34,7,31,954
71,1,16,0,0,9,5079
161,0,22,0,0,24,10339
8,26,46,38,9,49,4643
264,0,21,12,6,147,3117
293,6,23,13,6,92,6497
758,12,385,33,89,89,5396
532,126,490,164,126,126,5250
656,38,161,62,47,37,1052
196,25,607,67,17,49,2802
835,73,380,114,73,43,6343
16,11,15,2,0,12,6507
9,1,5,2,1,4,7901
229,7,140,10,3,11,4865
0,1,4,15,1,5,2686
121,24,124,24,15,42,3107
471,102,125,212,61,245,7734
520,8,223,32,49,42,1146
26,1,10,2,0,1,11031
240,132,445,250,192,108,7428
178,4,26,8,4,44,975
1486,55,278,49,0,185,1103
1115,12,128,33,12,76,3422
29,0,8,2,0,6,1055
529,0,356,63,28,0,6544
13,3,8,7,4,16,1241
934,24,230,16,24,36,2909
2,7,11,16,12,27,5802
4,12,5,3,16,17,1407
62,1,44,6,5,22,6183
158,35,179,0,0,125,340
173,2,39,3,2,47,5991
830,59,968,51,79,19,3104
189,10,253,56,43,64,9729
728,17,133,11,8,124,1008
7,2,9,2,0,2,11091
35,4,17,7,6,64,3969
188,3,180,20,3,43,1916
742,28,152,25,9,57,9907
0,7,5,26,2,17,87
750,71,174,13,10,20,8659
816,42,450,55,56,154,6262
5,2,8,2,2,9,6147
37,5,56,12,8,5,8832
4,0,4,0,0,5,10067
99,2,11,4,0,16,7532
176,72,98,136,21,229,4915
54,0,10,0,0,2,2115
997,15,414,99,30,76,2088
356,0,107,19,9,117,2493
1311,0,359,46,89,17,6292
890,63,292,0,25,12,1631
4,0,2,0,0,2,10104
17,0,14,7,3,2,3006
960,0,883,50,38,0,3919
2,1,2,1,1,1,11181
1,3,2,20,30,47,642
240,67,500,199,0,163,4369
301,11,61,4,7,11,10127
154,0,50,6,11,37,271
2,3,6,4,1,9,4973
104,12,48,4,12,5,2948
70,3,37,4,2,64,2715
2,0,9,3,6,2,10432
23,2,11,3,1,4,9216
43,4,12,8,0,27,7124
4,24,11,16,1,25,9727
654,7,92,0,15,30,5136
912,72,170,47,36,97,9790
25,0,8,0,1,4,1818
24,4,22,0,2,9,1100
141,11,114,15,14,5,7873
71,0,13,3,1,0,10609
35,1,16,0,1,1,6950
496,32,849,229,48,128,7233
9,9,11,13,10,16,9481
154,0,50,6,11,37,7699
9,1,5,4,5,7,2711
26,3,23,4,7,3,8933
77,8,44,10,10,25,8726
11,2,7,4,2,2,1515
576,7,115,19,7,7,5186
89,15,89,34,42,5,10157
1013,30,399,60,46,153,5667
224,12,48,4,12,12,902
200,19,111,50,15,19,977
570,73,614,133,102,73,7313
1,3,3,8,1,13,7600
62,1,20,4,0,7,9706
531,69,300,150,138,150,2429
162,28,818,0,28,56,3520
675,144,133,94,192,241,10394
23,4,10,0,2,15,4548
492,5,32,13,5,21,9362
918,10,129,13,0,129,3968
224,155,155,192,93,54,4084
572,19,286,50,38,248,6721
626,0,70,0,7,28,2829
1074,37,518,193,92,129,1772
741,68,689,224,68,103,1544
322,3,50,4,3,42,492
254,10,44,30,10,227,4377
116,6,82,6,6,41,4541
22,2,18,0,2,12,1321
516,0,21,0,0,5,8858
14,36,11,3,26,35,3266
2,8,10,12,14,23,11187
28,0,9,3,0,0,8207
530,142,217,62,9,56,9723
519,50,167,130,0,41,2666
611,76,749,59,45,26,5721
240,67,500,199,0,163,10652
4,9,12,11,2,8,1646
671,47,655,145,111,15,4418
23,1,7,0,4,24,2656
9,1,2,3,2,0,7990
556,54,845,202,133,63,8722
833,80,363,52,26,174,7118
12,0,13,4,2,4,2980
56,7,48,10,2,18,1839
293,8,124,11,4,106,10722
297,0,38,13,0,152,2632
39,1,16,2,0,3,9014
5,11,16,21,8,45,7620
266,21,300,65,8,44,10968
322,3,50,4,3,42,11133
366,124,156,71,78,54,2736
32,0,8,23,4,18,1876
158,0,23,0,0,18,5959
269,129,495,182,43,29,1092
41,0,10,0,0,3,4333
3,3,3,15,4,15,3850
33,0,5,0,0,15,6168
302,29,131,32,0,27,607
519,71,860,93,27,53,10469
23,2,17,2,1,0,6983
594,51,631,72,55,32,3661
12,4,7,1,3,5,9303
4,2,5,0,0,5,692
18,3,19,3,3,6,736
332,194,377,149,125,57,9589
5,1,8,0,0,1,4838
171,3,129,26,24,62,9246
270,31,88,11,48,22,6261
712,26,538,69,13,80,7366
2,8,11,3,8,21,10659
21,12,12,0,3,3,1448
580,6,58,8,0,27,4286
368,24,68,38,0,88,4749
457,5,106,15,17,53,4478
229,7,137,4,0,91,4201
32,2,1607,12,4,22,8720
3,2,8,20,0,17,10084
24,3,26,7,1,23,7004
853,10,143,13,10,20,9817
5,1,6,3,4,3,8080
9,14,18,8,1,12,9432
3,3,7,6,2,9,8372
709,43,182,42,118,247,10870
406,0,30,0,0,8,4001
908,48,217,32,12,24,7270
428,30,214,80,30,61,8235
84,3,61,2,1,21,9405
